lex,lhx,lnx,lfx,ltx,lmx,lud,lup,lld,llp,rex,rhx,rnx,rfx,rtx,rmx,rud,rup,rld,rlp,brx,fax,oax,qcx
,,,4,,,,,4,4,,,,4,,,,,4,4,,,,
,,,4,,,,,4,4,,,,4,,,,,4,4,,,,
,,,4,,,,,4,4,,,,4,,,,,4,4,,,,
,,,4,,,,,4,4,,,,4,,,,,4,4,,,,
,,,4,,,,,4,4,,,,4,,,,,4,4,,,,
,,,4,,,,,4,4,,,,4,,,,,4,4,,,,
,,,4,,,,,4,4,,,,4,,,,,4,4,,,,
,,,4,,,,,4,4,,,,4,,,,,4,4,,,,
,,,4,,,,,4,4,,,,4,,,,,4,4,,,,
,,,4,,,,,4,4,,,,4,,,,,4,4,,,,
,,,4,,,,,4,4,,,,4,,,,,4,4,,,,
,,,4,,,,,4,4,,,,4,,,,,4,4,,,,
,,,4,,,,,4,4,,,,4,,,,,4,4,,,,
,,,4,,,,,4,4,,,,4,,,,,4,4,,,,
,,2,4,,,2,,4,4,,,,4,,,,,4,4,,,1,
,,2,4,,,2,,4,4,,,,4,,,,,4,4,,,1,
,,2,4,,,2,,4,4,,,,4,,,,,4,4,,,1,
,,2,4,,,2,,4,4,,,,4,,,,,4,4,,,1,
,,2,4,,,2,,4,4,,,,4,,,,,4,4,,,,
,,2,4,,,2,,4,4,,,,4,,,,,4,4,,,1,
,,2,4,,,2,,4,4,,,,4,,,,,4,4,,,1,
,,2,4,,,2,,4,4,,,,4,,,,,4,4,,,1,
,,2,4,,,2,,4,4,,,,4,,,,,4,4,,,1,
,,2,4,,,2,,4,4,,,,4,,,,,4,4,,,,
,,2,4,,,2,,4,4,,,,4,,,,,4,4,,,1,
,,2,4,,,2,,4,4,,,,4,,,,,4,4,,,1,
,,2,4,,,2,,4,4,,,,4,,,,,4,4,,,1,
,,2,4,,,2,,4,4,,,,4,,,,,4,4,,,1,
,,2,4,,,2,,4,4,,,,4,,,,,4,4,,,1,
,,2,4,,,2,,4,4,,,,4,,,,,4,4,,,1,
,,2,4,,,2,,4,4,,,,4,,,,,4,4,,,1,
,,2,4,,,2,,4,4,,,,4,,,,,4,4,,,1,
,,2,4,,,2,,4,4,,,,4,,,,,4,4,,,1,
,,2,4,,,2,,4,4,,,,4,,,,,4,4,,,1,
,,2,4,,,2,,4,4,,,,4,,,,,4,4,,,1,
,,2,4,,,2,,4,4,,,,4,,,,,4,4,,,1,
,,2,4,,,2,,4,4,,,,4,,,,,4,4,,,1,
,,2,4,,,2,,4,4,,,,4,,,,,4,4,,,1,
,,2,4,,,2,,4,4,,,,4,,,,,4,4,,,1,
,,2,4,,,2,,4,4,,,,4,,,,,4,4,,,1,
,,2,4,,,2,,4,4,,,,4,,,,,4,4,,,1,
,,2,4,,,2,,4,4,,,,4,,,,,4,4,,,1,
,,2,4,,,2,,4,4,,,,4,,,,,4,4,,,,
,,2,4,,,2,,4,4,,,,4,,,,,4,4,,,1,
,,2,4,,,2,,4,4,,,,4,,,,,4,4,,,1,
,,2,4,,,2,,4,4,,,,4,,,,,4,4,,,1,
,,2,4,,,2,,4,4,,,,4,,,,,4,4,,,,
,,2,4,,,2,,4,4,,,,4,,,,,4,4,,,1,
,,2,4,,,2,,4,4,,,,4,,,,,4,4,,,1,
,,2,4,,,2,,4,4,,2,,4,,,,,4,4,,,1,
,,2,4,,,2,,4,4,,2,,4,,,,,4,4,,,1,
,,2,4,,,2,,4,4,2,2,,4,,,,,4,4,,,1,
,,2,4,,,2,,4,4,2,2,,4,,,,,4,4,,,1,
,,2,4,,,2,,4,4,2,2,,4,,,,,4,4,,,,
,,2,4,,,2,,4,4,2,2,,4,,,,,4,4,,,,
,,2,4,,,2,,4,4,2,2,,4,,,,,4,4,,,1,
,,2,4,,,2,,4,4,2,,,4,,,,,4,4,,,1,
,,2,4,,,2,,4,4,2,,,4,,,,,4,4,,,1,
,,2,4,,,2,,4,4,2,,,4,,,,,4,4,,,1,
,,2,4,,,2,,4,4,2,,,4,,,,,4,4,,,1,
,,2,4,,,2,,4,4,2,,,4,,,,,4,4,,,1,
,,2,4,,,2,,4,4,2,,,4,,,,,4,4,,,1,
,,2,4,,,2,,4,4,2,,,4,,,,,4,4,,,1,
,,2,4,,,2,,4,4,2,,,4,,,,,4,4,,,1,
,,2,4,,,2,,4,4,2,,,4,,,,,4,4,,,1,
,,2,4,,,2,,4,4,2,,,4,,,,,4,4,,,1,
,,2,4,,,2,,4,4,2,,,4,,,,,4,4,,,1,
,,2,4,,,2,,4,4,2,,,4,,,,,4,4,,,1,
,,2,4,,,2,,4,4,2,,,4,,,,,4,4,,,1,
,,2,4,,,2,,4,4,2,,,4,,,,,4,4,,,1,
,,2,4,,,2,,4,4,2,,2,4,,,2,2,4,4,,,1,
,,2,4,,,2,,4,4,2,,2,4,,,2,2,4,4,,,1,
,,2,4,,,2,,4,4,2,,2,4,,,2,2,4,4,,,1,
,,2,4,,,2,,4,4,2,,2,4,,,2,2,4,4,,,1,
,,2,4,,,2,,4,4,2,,2,4,,,2,2,4,4,,,1,
,,2,4,,,2,,4,4,2,,2,4,,,2,2,4,4,,,1,
,,2,4,,,2,,4,4,2,,2,4,,,2,2,4,4,,,1,
,,2,4,,,2,,4,4,2,,2,4,,,2,2,4,4,,,1,
,,2,4,,,2,,4,4,2,,2,4,,,2,2,4,4,,,1,
,,2,4,,,2,,4,4,2,,2,4,,,2,2,4,4,,,1,
,,2,4,,,2,,4,4,2,,2,4,,,2,2,4,4,,,1,
,,2,4,,,2,,4,4,2,,2,4,,,2,2,4,4,,,1,
,,2,4,,,2,,4,4,2,,2,4,,,2,2,4,4,,,1,
,,2,4,,,2,,4,4,2,,2,4,,,2,2,4,4,,,,
,,2,4,,,2,,4,4,2,,2,4,,,2,2,4,4,,,,
,,2,4,,,2,,4,4,2,,2,4,,,2,2,4,4,,,,
,,2,4,,,2,,4,4,2,,2,4,,,2,2,4,4,,,1,
,,2,4,,,2,,4,4,2,,2,4,,,2,2,4,4,,,1,
,,2,4,,,2,,4,4,2,,2,4,,,2,2,4,4,,,1,
,,2,4,,,2,,4,4,2,,2,4,,,2,2,4,4,,,1,
,,2,4,,,2,,4,4,2,2,2,4,,,2,2,4,4,,,1,
,,2,4,,,2,,4,4,2,2,2,4,,,2,2,4,4,,,1,
,,2,4,,,2,,4,4,2,2,2,4,,,2,2,4,4,,,1,
,,2,4,,,2,,4,4,2,2,2,4,,,2,2,4,4,,,,
,,2,4,,,2,,4,4,2,2,2,4,,,2,2,4,4,,,1,
,,2,4,,,2,,4,4,2,2,2,4,,,2,2,4,4,,,1,
,,2,4,,,2,,4,4,2,2,2,4,,,2,2,4,4,,,1,
,,2,4,,,2,,4,4,2,2,2,4,,,2,2,4,4,,,1,
,,2,4,,,2,,4,4,2,2,2,4,,,2,2,4,4,,,1,
,,2,4,,,2,,4,4,2,2,2,4,,,2,2,4,4,,,1,
,,2,4,,,2,,4,4,2,2,2,4,,,2,2,4,4,,,1,
,,2,4,,,2,,4,4,2,2,2,4,,,2,2,4,4,,,1,
,,2,4,,,2,,4,4,2,2,2,4,,,2,2,4,4,,,1,
,,2,4,,,2,,4,4,2,2,2,4,,,2,2,4,4,,,1,
,,2,4,,,2,,4,4,2,2,2,4,,,2,2,4,4,,,1,
,,2,4,,,2,,4,4,2,2,2,4,,,2,2,4,4,,,1,
,,2,4,,,2,,4,4,2,2,2,4,,,2,2,4,4,,,1,
,,2,4,,,2,,4,4,2,2,2,4,,,2,2,4,4,,,1,
,,2,4,,,2,,4,4,2,2,2,4,,,2,2,4,4,,,1,
,,2,4,,,2,,4,4,2,2,2,4,,,2,2,4,4,,,1,
,,2,4,,,2,,4,4,2,2,2,4,,,2,2,4,4,,,1,
,,2,4,,,2,,4,4,2,2,2,4,,,2,2,4,4,,,1,
,,2,4,,,2,,4,4,2,2,2,4,,,2,2,4,4,,,1,
,,2,4,,,2,,4,4,2,2,2,4,,,2,2,4,4,,,1,
,,2,4,,,2,,4,4,2,2,2,4,,,2,2,4,4,,,1,
,,2,4,,,2,,4,4,2,2,2,4,,,2,2,4,4,,,1,
,,2,4,,,2,,4,4,2,2,2,4,,,2,2,4,4,,,1,
,,2,4,,,2,,4,4,2,2,2,4,,,2,2,4,4,,,1,
,,2,4,,,2,,4,4,2,2,2,4,,,2,2,4,4,,,1,
,,2,4,,,2,,4,4,2,2,2,4,,,2,2,4,4,,,1,
,,2,4,,,2,,4,4,2,2,2,4,,,2,2,4,4,,,1,
,,2,4,,,2,,4,4,2,2,2,4,,,2,2,4,4,,,1,
,,2,4,,,2,,4,4,2,2,2,4,,,2,2,4,4,,,1,
,,2,4,,,2,,4,4,2,2,2,4,,,2,2,4,4,,,1,
,,2,4,,,2,,4,4,2,2,2,4,,,2,2,4,4,,,1,
,,2,4,,,2,,4,4,2,2,2,4,,,2,2,4,4,,,1,
,,2,4,,,2,,4,4,2,2,,4,,,2,2,4,4,,,1,
,,2,4,,,2,,4,4,2,2,,4,,,2,2,4,4,,,1,
,,2,4,,,2,,4,4,2,2,,4,,,2,2,4,4,,,1,
,,2,4,,,2,,4,4,2,2,,4,,,2,2,4,4,,,1,
,,2,4,,,2,,4,4,2,2,,4,,,2,2,4,4,,,1,
,,2,4,,,2,,4,4,2,2,,4,,,2,2,4,4,,,1,
,,2,4,,,2,,4,4,2,2,,4,,,2,2,4,4,,,1,
,,2,4,,,2,,4,4,2,2,,4,,,2,2,4,4,,,1,
,,2,4,,,2,,4,4,2,2,,4,,,2,2,4,4,,,1,
,,2,4,,,2,,4,4,2,2,,4,,,2,2,4,4,,,1,
,,2,4,,,2,,4,4,2,2,,4,,,2,2,4,4,,,1,
,,2,4,,,2,,4,4,2,2,,4,,,2,2,4,4,,,1,
,,2,4,,,2,,4,4,2,2,,4,,,2,2,4,4,,,1,
,,2,4,,,2,,4,4,2,2,,4,,,2,2,4,4,,,1,
,,2,4,,,2,,4,4,2,2,,4,,,2,2,4,4,,,1,
,,2,4,,,2,,4,4,2,2,,4,,,2,2,4,4,,,1,
,,2,4,,,2,,4,4,2,2,,4,,,2,2,4,4,,,1,
,,2,4,,,2,,4,4,2,2,,4,,,2,2,4,4,,,1,
,,2,4,,,2,,4,4,2,2,,4,,,2,2,4,4,,,1,
,,2,4,,,2,2,4,4,2,2,,4,,,2,2,4,4,,,1,
,,2,4,,,2,2,4,4,2,2,,4,,,2,2,4,4,,,1,
,,2,4,,,2,2,4,4,2,2,,4,,,2,2,4,4,,,1,
,,2,4,,,2,2,4,4,2,2,,4,,,2,2,4,4,,,1,
,,2,4,,2,2,2,4,4,2,2,,4,,,2,2,4,4,,,1,
,,2,4,,2,2,2,4,4,2,2,,4,,,2,2,4,4,,,,
,,2,4,,2,2,2,4,4,2,2,,4,,,2,2,4,4,,,,
,,2,4,,2,2,2,4,4,2,2,,4,,,2,2,4,4,,,,
,,2,4,,2,2,2,4,4,2,2,,4,,,2,2,4,4,,,,
,,2,4,,2,2,2,4,4,2,2,,4,,,2,2,4,4,,,,
,,2,4,,2,2,2,4,4,2,2,,4,,,2,2,4,4,,,,
,,2,4,,2,2,2,4,4,2,2,,4,,,2,2,4,4,,,,
,,2,4,,2,2,2,4,4,2,2,,4,,,2,2,4,4,,,,
,,2,4,,2,2,2,4,4,2,2,,4,,,2,2,4,4,,,,
,,2,4,,2,2,2,4,4,2,2,,4,,,2,2,4,4,,,,
,,2,4,,2,2,2,4,4,2,2,,4,,,2,2,4,4,,,,
,,2,4,,2,2,2,4,4,2,2,,4,,,2,2,4,4,,,,
,,2,4,,2,2,2,4,4,2,2,,4,,,2,2,4,4,,,,
,,2,4,,2,2,2,4,4,2,2,,4,,,2,2,4,4,,,,
4,2,2,4,,2,2,2,4,4,4,2,,4,,,2,2,4,4,,,,
4,2,2,4,,2,2,2,4,4,4,,,4,,,2,2,4,4,,,,
4,2,2,4,,2,2,2,4,4,4,,,4,,,2,2,4,4,,,,
4,2,2,4,,2,2,2,4,4,4,,,4,,,2,2,4,4,,,,
4,2,2,4,,2,2,2,4,4,4,,,4,,,2,2,4,4,,,,
4,2,2,4,,2,2,2,4,4,4,,,4,,,2,2,4,4,,,,
4,2,2,4,,2,2,2,4,4,4,,,4,,,2,2,4,4,,,,
4,2,2,4,,2,2,2,4,4,4,,,4,,,2,2,4,4,,,,
4,2,2,4,,2,2,2,4,4,4,,,4,,,2,2,4,4,,,,
4,2,2,4,,2,2,2,4,4,4,,,4,,,2,2,4,4,,,,
4,2,2,4,,2,2,2,4,4,4,,,4,,,2,2,4,4,,,,
4,2,2,4,,2,2,2,4,4,4,,,4,,,2,2,4,4,,,,
4,2,2,4,,2,2,2,4,4,4,,,4,,,2,2,4,4,,,,
4,2,2,4,,2,2,2,4,4,4,,,4,,,2,2,4,4,,,,
4,2,2,4,,2,2,2,4,4,4,,,4,,,2,2,4,4,,,,
4,2,2,4,,2,2,2,4,4,4,,,4,,,2,2,4,4,,,,
4,2,2,4,,2,2,2,4,4,4,,,4,,,2,2,4,4,,,,
4,2,2,4,,2,2,2,4,4,4,,,4,,,2,2,4,4,,,,
4,2,2,4,,2,2,2,4,4,4,,,4,,,2,2,4,4,,,,
4,2,2,4,,2,2,2,4,4,4,,,4,,,2,2,4,4,,,,
4,2,2,4,,2,2,2,4,4,4,,,4,,,2,2,4,4,,,,
4,2,2,4,,2,2,2,4,4,4,,,4,,,2,2,4,4,,,,
4,2,2,4,,2,2,2,4,4,4,,,4,,,2,2,4,4,,,,
4,2,2,4,,2,2,2,4,4,4,,,4,,,2,2,4,4,,,,
4,2,2,4,,2,2,2,4,4,4,,,4,,,2,2,4,4,,,,
4,2,2,4,,2,2,2,4,4,4,,,4,,,2,2,4,4,,,,
4,2,2,4,,2,2,2,4,4,4,,,4,,,2,2,4,4,,,,
4,2,2,4,,2,2,2,4,4,4,,,4,,,2,2,4,4,,,,
4,2,2,4,,2,2,2,4,4,4,2,,4,,,2,2,4,4,,,,
4,,2,4,,2,2,2,4,4,4,2,,4,,,2,2,4,4,,,,
4,,2,4,,2,2,2,4,4,4,2,,4,,,2,2,4,4,,,,
4,,2,4,,2,2,2,4,4,4,2,,4,,,2,2,4,4,,,,
4,,2,4,,2,2,2,4,4,4,2,,4,,2,2,2,4,4,,,,
4,,2,4,,2,2,2,4,4,4,2,,4,,2,2,2,4,4,,,,
4,,2,4,,2,2,2,4,4,4,2,,4,,2,2,2,4,4,,,,
4,,2,4,,2,2,2,4,4,4,2,,4,,2,2,2,4,4,,,,
4,,2,4,,2,2,2,4,4,4,2,,4,,2,2,2,4,4,,,,
4,,2,4,,2,2,2,4,4,4,2,,4,,2,2,2,4,4,,,,
4,,2,4,,2,2,2,4,4,4,2,,4,,2,2,2,4,4,,,,
4,,2,4,,2,2,2,4,4,4,2,,4,,2,2,2,4,4,,,,
4,,2,4,,2,2,2,4,4,4,2,,4,,2,2,2,4,4,,,,
4,,2,4,,2,2,2,4,4,4,2,,4,,2,2,2,4,4,,,,
4,,2,4,,2,2,2,4,4,4,2,,4,,2,2,2,4,4,,,,
4,,2,4,,2,2,2,4,4,4,2,,4,,2,2,2,4,4,,,,
4,,2,4,,2,2,2,4,4,4,2,,4,,2,2,2,4,4,,,,
4,,2,4,,2,2,2,4,4,4,2,,4,,2,2,2,4,4,,,,
4,,2,4,,2,2,2,4,4,4,2,,4,,2,2,2,4,4,,,,
4,,2,4,,2,2,2,4,4,4,2,,4,,2,2,2,4,4,,,,
4,,2,4,,2,2,2,4,4,4,2,,4,,2,2,2,4,4,,,,
4,,2,4,,2,2,2,4,4,4,2,,4,,2,2,2,4,4,,,,
4,,2,4,,2,2,2,4,4,4,2,,4,,2,2,2,4,4,,,,
4,,2,4,,2,2,2,4,4,4,2,,4,,2,2,2,4,4,,,,
4,,3,4,,2,3,3,4,4,4,2,2,4,,2,2,2,4,4,,,,
4,,3,4,,2,3,3,4,4,4,2,2,4,,2,2,2,4,4,,,,
4,,3,4,,2,3,3,4,4,4,2,2,4,,2,2,2,4,4,,,,
4,,3,4,,2,3,3,4,4,4,2,2,4,,2,2,2,4,4,,,,
4,,3,4,,2,3,3,4,4,4,2,2,4,,2,2,2,4,4,,,,
4,,3,4,,2,3,3,4,4,4,2,2,4,,2,2,2,4,4,,,,
4,,3,4,,2,3,3,4,4,4,2,2,4,,2,2,2,4,4,,,,
4,,3,4,,2,3,3,4,4,4,2,2,4,,2,2,2,4,4,,,,
4,,3,4,,2,3,3,4,4,4,2,2,4,,2,2,2,4,4,,,,
4,,3,4,,2,3,3,4,4,4,2,2,4,,2,2,2,4,4,,,,
4,,3,4,,2,3,3,4,4,4,2,2,4,,2,2,2,4,4,,,,
4,,3,4,,,3,3,4,4,4,2,2,4,,,2,2,4,4,,,,
4,,3,4,,,3,3,4,4,4,2,2,4,,,2,2,4,4,,,,
4,,3,4,,,3,3,4,4,4,2,2,4,,,2,2,4,4,,,,
4,,3,4,,,3,3,4,4,4,2,2,4,,,2,2,4,4,,,,
4,,3,4,,,3,3,4,4,4,2,2,4,,,2,2,4,4,,,,
4,,3,4,,,3,3,4,4,4,2,2,4,,,2,2,4,4,,,,
4,,3,4,,,3,3,4,4,4,2,2,4,,,2,2,4,4,,,,
4,,3,4,,,3,3,4,4,4,2,2,4,,,2,2,4,4,,,,
4,,3,4,,,3,3,4,4,4,2,2,4,,,2,2,4,4,,,,
4,,3,4,,,3,3,4,4,4,2,2,4,,,2,2,4,4,,,,
4,,3,4,,,3,3,4,4,4,2,2,4,,,2,2,4,4,,,,
4,,3,4,,,3,3,4,4,4,2,2,4,,,2,2,4,4,,,,
4,,3,4,,,3,3,4,4,4,2,2,4,,,2,2,4,4,,,,
4,,3,4,,,3,3,4,4,4,2,2,4,,,2,2,4,4,,,,
4,,3,4,,,3,3,4,4,4,2,2,4,,,2,2,4,4,,,,
4,,3,4,,,3,3,4,4,4,2,2,4,,,2,2,4,4,,,,
4,,3,4,,,3,3,4,4,4,2,2,4,,,2,2,4,4,,,,
4,,3,4,,,3,3,4,,4,2,2,4,,,2,2,4,4,,,,
4,,3,4,,,3,3,4,,4,2,3,4,,,3,3,4,4,,,,
4,,3,4,,,3,3,4,,4,2,3,4,,,3,3,4,4,,,,
4,,3,4,,,3,3,4,,4,2,3,4,,,3,3,4,4,,,,
4,,3,4,,,3,3,4,,4,2,3,4,,,3,3,4,4,,,,
4,,3,4,,,3,3,4,,4,2,3,4,,,3,3,4,4,,,,
4,,3,4,,2,3,3,4,,4,2,3,4,,2,3,3,4,4,,,,
4,,3,4,,4,3,3,4,,4,2,3,4,,4,3,3,4,4,,,,
4,,3,4,,2,3,3,4,,4,2,3,4,,2,3,3,4,4,,,,
4,,3,4,,2,3,3,4,,4,2,3,4,,2,3,3,4,4,,,,
4,,3,4,,2,3,3,4,,4,2,3,4,,2,3,3,4,4,,,,
4,,3,4,,2,3,3,4,,4,2,3,4,,2,3,3,4,4,,,,
4,,3,4,,2,3,3,4,,4,2,3,4,,2,3,3,4,4,,,,
4,,3,4,,2,3,3,4,,4,2,3,4,,2,3,3,4,4,,,,
4,,3,4,,2,3,3,4,,4,2,3,4,,2,3,3,4,4,,,,
4,,3,4,,2,3,3,4,,4,2,3,4,,2,3,3,4,4,,,,
4,,3,4,,4,3,3,4,,4,2,3,4,,4,3,3,4,4,,,,
4,,3,4,,4,3,3,4,,4,2,3,4,,4,3,3,4,4,,,,
4,,3,4,,4,3,3,4,,4,2,3,4,,4,3,3,4,4,,,,
4,,3,4,,4,3,3,4,,4,2,3,4,,4,3,3,4,4,,,,
4,,3,4,,4,3,3,4,,4,2,3,4,,4,3,3,4,4,,,,
4,,3,4,,4,3,3,4,,4,2,3,4,,4,3,3,4,4,,,,
4,,3,4,,4,3,3,4,,4,2,3,4,,4,3,3,4,4,,,,
4,,3,4,,2,3,3,4,,4,2,3,4,,2,3,3,4,4,,,,
4,,3,4,,2,3,3,4,,4,2,3,4,,2,3,3,4,4,,,,
4,,3,4,,2,3,3,4,,4,2,3,4,,2,3,3,4,4,,,,
4,,3,4,,2,3,3,4,,4,2,3,4,,2,3,3,4,4,,,,
4,,3,4,,2,3,3,4,,4,2,3,4,,2,3,3,4,4,,,,
4,,3,4,,2,3,3,4,,4,2,3,4,,2,3,3,4,4,,,,
4,,3,4,,2,3,3,4,,4,2,3,4,,2,3,3,4,4,,,,
4,,3,4,,3,3,3,4,,4,2,3,4,,3,3,3,4,4,,,,
4,,3,4,,3,3,3,4,,4,2,3,4,,3,3,3,4,4,,,,
4,,3,4,,3,3,3,4,,4,2,3,4,,3,3,3,4,4,,,,
4,,3,4,,3,3,3,4,,4,2,3,4,,3,3,3,4,4,,,,
4,,3,4,,3,3,3,4,,4,2,3,4,,3,3,3,4,4,,,,
4,,3,4,,3,3,3,4,,4,2,3,4,,3,3,3,4,4,,,,
4,,3,4,,3,3,3,4,,4,2,3,4,,3,3,3,4,4,,,,
4,,3,4,,3,3,3,4,,4,2,3,4,,3,3,3,4,4,,,,
4,,3,4,,3,3,3,4,,4,2,3,4,,3,3,3,4,4,,,,
4,,3,4,,3,3,3,4,,4,2,3,4,,3,3,3,4,4,,,,
4,,2,4,,3,2,2,4,,4,2,3,4,,3,3,3,4,4,,,,
4,,2,4,,3,2,2,4,,4,2,3,4,,3,3,3,4,4,,,,
4,,2,4,,3,2,2,4,,4,2,3,4,,3,3,3,4,4,,,,
,,2,4,,3,2,2,4,,2,2,3,4,,3,3,3,4,4,,,,
,,2,4,,3,2,2,4,,2,2,3,4,,3,3,3,4,4,,,,
,,2,4,,3,2,2,4,,2,2,3,4,,3,3,3,4,4,,,,
,,2,4,,3,2,2,4,,2,2,3,4,,3,3,3,4,4,,,,
,,2,4,,3,2,2,4,,2,2,3,4,,3,3,3,4,4,,,,
,,2,4,,3,2,2,4,,2,2,3,4,,3,3,3,4,4,,,,
,,2,4,,3,2,2,4,,2,2,3,4,,3,3,3,4,4,,,,
,,2,4,,3,2,2,4,,2,2,3,4,,3,3,3,4,4,,,,
,,2,4,,3,2,2,4,,2,2,3,4,,3,3,3,4,4,,,,
,,2,4,,3,2,2,4,,2,2,3,4,,3,3,3,4,4,,,,
,,2,4,,3,2,2,4,,2,2,3,4,,3,3,3,4,4,,,,
,,2,4,,3,2,2,4,,2,2,3,4,,3,3,3,4,4,,,,
,,2,4,,3,2,2,4,,2,2,3,4,,3,3,3,4,4,,,,
,,2,4,,3,2,2,4,,2,2,3,4,,3,3,3,4,4,,,,
,,2,4,,3,2,2,4,,2,2,3,4,,3,3,3,4,4,,,,
,,2,4,,3,2,2,4,,2,2,3,4,,3,3,3,4,4,,,,
,,2,4,,3,2,2,4,,2,2,3,4,,3,3,3,4,4,,,,
,,2,4,,3,2,2,4,,2,2,3,4,,3,3,3,4,4,,,,
,,2,4,,3,2,2,4,,2,2,3,4,,3,3,3,4,4,,,,
,,2,4,,3,2,2,4,,2,2,3,4,,3,3,3,4,4,,,,
,,2,4,,3,2,2,4,,2,2,3,4,,3,3,3,4,4,,,,
,,2,4,,3,2,2,4,,2,2,3,4,,3,3,3,4,4,,,,
,,2,4,,3,2,2,4,,2,2,3,4,,3,3,3,4,4,,,,
,,2,4,,3,2,2,4,,2,2,3,4,,3,3,3,4,4,,,,
,,2,4,,3,2,2,4,,2,2,3,4,,3,3,3,4,4,,,,
,,2,4,,3,2,2,4,,2,2,3,4,,3,3,3,4,4,,,,
,,2,4,,3,2,2,4,,2,2,3,4,,3,3,3,4,4,,,,
,,2,4,,3,2,2,4,,2,2,3,4,,3,3,3,4,4,,,,
,,2,4,,3,2,2,4,,2,2,3,4,,3,3,3,4,4,,,,
,,2,4,,3,2,2,4,,2,2,3,4,,3,3,3,4,4,,,,
,,2,4,,3,2,2,4,,2,2,3,4,,3,3,3,4,4,,,,
,,2,4,,3,2,2,4,,2,2,3,4,,3,3,3,4,4,,,,
,,2,4,,3,2,2,4,,2,2,3,4,,3,3,3,4,4,,,,
,,2,4,,3,2,2,4,,2,2,3,4,,3,3,3,4,4,,,,
,,2,4,,3,2,2,4,,,2,3,4,,3,3,3,4,4,,,,
,,2,4,,3,2,2,4,,,2,3,4,,3,3,3,4,4,,,,
,,2,4,,3,2,2,4,,,2,3,4,,3,3,3,4,4,,,,
,,2,4,,3,2,2,4,,,2,3,4,,3,3,3,4,4,,,,
,,2,4,,3,2,2,4,,,2,3,4,,3,3,3,4,4,,,,
,,2,4,,3,2,2,4,,,2,3,4,,3,3,3,4,4,,,,
,,2,4,,3,2,2,4,,,2,3,4,,3,3,3,4,4,,,,
,,2,4,,3,2,2,4,,,2,3,4,,3,3,3,4,4,,,,
,,2,4,,3,2,2,4,,,2,3,4,,3,3,3,4,4,,,,
,,2,4,,3,2,2,4,,,2,3,4,,3,3,3,4,4,,,,
,,2,4,,3,2,2,4,,,2,3,4,,3,3,3,4,4,,,,
,,2,4,,3,2,2,4,,,2,3,4,,3,3,3,4,4,,,,
,,2,4,,3,2,2,4,,,2,3,4,,3,3,3,4,4,,,,
,,3,4,,3,3,3,4,,,2,3,4,,3,3,3,4,4,,,,
,,3,4,,3,3,3,4,,,2,3,4,,3,3,3,4,4,,,,
,,3,4,,3,3,3,4,,,2,4,4,,3,3,3,4,4,,,,
,,3,4,,3,3,3,4,,,2,4,4,,3,3,3,4,4,,,,
,,3,4,,3,3,3,4,,,2,4,4,,3,3,3,4,4,,,,
,,3,4,,3,3,3,4,,,2,4,4,,3,3,3,4,4,,,,
,,3,4,,3,3,3,4,,,2,4,4,,3,4,3,4,4,,,,
,,3,4,,3,3,3,4,,,2,4,4,,3,3,3,4,4,,,,
,,3,4,,3,3,3,4,,,2,3,4,,3,3,3,4,4,,,,
,,3,4,,3,3,3,4,,,2,3,4,,3,3,3,4,4,,,,
,,3,4,,3,3,3,4,,,2,3,4,,3,3,3,4,4,,,,
,,3,4,,3,3,3,4,,,2,3,4,,3,3,3,4,4,,,,
,,3,4,,3,3,3,4,,,2,3,4,,3,3,3,4,4,,,,
,,3,4,,3,3,3,4,,,2,3,4,,3,3,3,4,4,,,,
,,3,4,,3,3,3,4,,,2,3,4,,3,3,3,4,4,,,,
,,3,4,,3,3,3,4,,,2,3,4,,3,3,3,4,4,,,,
,,3,4,,3,3,3,4,,,2,3,4,,3,3,3,4,4,,,,
,,3,4,,3,3,3,4,,,2,3,4,,3,3,3,4,4,,,,
,,3,4,,3,3,3,4,,,3,3,4,,3,3,3,4,4,,,,
,,3,4,,3,3,3,4,,,3,3,4,,3,3,3,4,4,,,,
4,,3,4,,4,3,3,4,,4,3,3,4,,4,3,3,4,4,,,4,
4,,3,4,,4,3,3,4,,4,3,3,4,,4,3,3,4,4,,,4,
,,3,4,,3,3,3,4,,,3,3,4,,3,3,3,4,4,,,,
,,3,4,,3,3,3,4,,,3,3,4,,3,3,3,4,4,,,,
,,3,4,,3,3,3,4,,,3,3,4,,3,3,3,4,4,,,,
,,3,4,,3,3,3,4,,,3,3,4,,3,3,3,4,4,,,,
4,,3,4,,4,3,3,4,,4,3,3,4,,4,3,3,4,4,,,4,
,,3,4,,3,3,3,4,,,3,3,4,,3,3,3,4,4,,,,
4,,3,4,,4,3,3,4,,4,3,3,4,,4,3,3,4,4,,,4,
4,,3,4,,4,3,3,4,,4,3,3,4,,4,3,3,4,4,,,4,
,,3,4,,3,3,3,4,,,3,3,4,,3,3,3,4,4,,,,
,,3,4,,3,3,3,4,,,3,3,4,,3,3,3,4,4,,,,
,,3,4,,3,3,3,4,,,3,4,4,,3,3,3,4,4,,,,
,,3,4,,3,3,3,4,,,3,3,4,,3,3,3,4,4,,,,
,,3,4,,3,3,3,4,,,3,3,4,,3,3,3,4,4,,,,
,,3,4,,3,3,3,4,,,3,3,4,,3,3,3,4,4,,,,
,,3,4,,3,3,3,4,,,3,3,4,,3,3,3,4,4,,,,
,,3,4,,3,3,3,4,,,3,3,4,,3,3,3,4,4,,,,
,,3,4,,3,3,3,4,,,3,3,4,,3,3,3,4,4,,,,
,,3,4,,3,3,3,4,,,3,3,4,,3,3,3,4,4,,,,
,,3,4,,3,3,3,4,,,3,3,4,,3,3,3,4,4,,,,
,,3,4,,3,3,3,4,,,3,3,4,,3,3,3,4,4,,,,
,,3,4,,3,3,3,4,,,3,3,4,,3,3,3,4,4,,,,
,,3,4,,3,3,3,4,,,3,3,4,,3,3,3,4,4,,,,
,,3,4,,3,3,3,4,,,3,4,4,,3,3,3,4,4,,,,
,,3,4,,3,3,3,4,,,3,3,4,,3,3,3,4,4,,,,
,,3,4,,3,3,3,4,,,3,3,4,,3,3,3,4,4,,,,
,,3,4,,3,3,3,4,,,3,3,4,,3,3,3,4,4,,,,
4,,3,4,,4,3,3,4,,4,3,4,4,,4,3,3,4,4,,,4,
,,3,4,,3,3,3,4,,,3,4,4,,3,3,3,4,4,,,,
,,3,4,,3,3,3,4,,,3,4,4,,3,3,3,4,4,,,,
,,3,4,,3,3,3,4,,,3,3,4,,3,3,3,4,4,,,,
4,,3,4,,4,3,3,4,,4,3,3,4,,4,3,3,4,4,,,4,
,,3,4,,4,3,3,4,,,3,3,4,,4,3,3,4,4,,,4,
,,3,4,,4,3,3,4,,,3,3,4,,4,3,3,4,4,,,4,
,,3,4,,4,3,3,4,,,3,3,4,,4,3,3,4,4,,,4,
,,3,4,,3,3,3,4,,,3,4,4,,3,4,4,4,4,,,,
,,3,4,,3,3,3,4,,,3,4,4,,3,4,3,4,4,,,,
,,3,4,,3,3,3,4,,,3,3,4,,3,4,3,4,4,,,,
,,3,4,,3,3,3,4,,,3,3,4,,3,4,3,4,4,,,,
,,3,4,,3,3,3,4,,,3,3,4,,3,4,3,4,4,,,,
,,3,4,,3,3,3,4,,,3,3,4,,3,4,3,4,4,,,,
,,3,4,,3,3,3,4,,,3,3,4,,3,4,3,4,4,,,,
,,3,4,,3,3,3,4,,,3,3,4,,3,4,3,4,4,,,,
,,3,4,,3,3,3,4,,,3,3,4,,3,4,3,4,4,,,,
,,3,4,,3,3,3,4,,,3,4,4,,3,4,3,4,4,,,,
,,3,4,,3,3,3,4,,,3,4,4,,3,4,3,4,4,,,,
,,3,4,,3,3,3,4,,,3,3,4,,3,4,3,4,4,,,,
,,3,4,,3,3,3,4,,,3,3,4,,3,3,4,4,4,,,,
,,3,4,,4,3,3,4,,,3,3,4,,4,3,3,4,4,,,4,
,,3,4,,4,3,3,4,,,3,4,4,,4,3,3,4,4,,,4,
,,3,4,,4,3,3,4,,,3,4,4,,4,3,3,4,4,,,4,
,4,3,4,,4,3,3,4,,,4,4,4,,4,4,4,4,4,,,4,
,,3,4,,3,3,3,4,,,3,4,4,,3,4,4,4,4,,,,
,,4,4,,3,3,3,4,,,3,4,4,,3,4,4,4,4,,,,
,,4,4,,3,3,3,4,,,3,4,4,,3,4,3,4,4,,,,
,,4,4,,3,3,3,4,,,3,4,4,,3,4,3,4,4,,,,
,,4,4,,3,3,3,4,,,3,4,4,,3,4,3,4,4,,,,
,,4,4,,3,3,3,4,,,3,4,4,,3,4,4,4,4,,,,
,,4,4,,3,3,3,4,,,3,4,4,,3,4,4,4,4,,,,
,,4,4,,3,3,3,4,,,3,4,4,,3,4,4,4,4,,,,
4,,3,4,,4,3,3,4,,4,3,4,4,,4,4,4,4,4,,,4,
4,,3,4,,4,3,3,4,4,4,3,4,4,,4,3,4,4,4,,,4,
,,3,4,,3,3,3,4,4,,3,4,4,,4,3,4,4,4,,,,
,,4,4,,3,3,3,4,4,,3,4,4,,4,3,4,4,4,,,,
,,4,4,,3,3,3,4,4,,3,4,4,,4,3,4,4,4,,,,
,,4,4,,3,3,3,4,4,,3,4,4,,4,3,4,4,4,,,,
,,4,4,,3,3,3,4,4,,3,4,4,,4,3,4,4,4,,,,
,,4,4,,3,3,3,4,4,,3,4,4,,4,3,4,4,4,,,,
,,4,4,,3,3,3,4,4,,3,4,4,,4,4,4,4,4,,,,
,,4,4,,3,3,3,4,4,,3,4,4,,4,4,4,4,4,,,,
,,4,4,,3,3,3,4,4,,3,3,4,,4,4,4,4,4,,,,
,,4,4,,3,3,3,4,4,,3,3,4,,4,4,4,4,4,,,,
,,4,4,,3,3,3,4,4,,3,4,4,,4,4,4,4,4,,,,
,,4,4,,3,3,3,4,4,,3,4,4,,4,4,4,4,4,,,,
,,4,4,,3,3,3,4,4,,3,4,4,,4,4,4,4,4,,,,
,,4,4,,3,3,3,4,4,,3,4,4,,4,4,4,4,4,,,,
4,,4,4,,4,3,3,4,4,4,3,4,4,,4,4,4,4,4,,,4,
,,4,4,,3,3,3,4,4,,3,3,4,,4,4,4,4,4,,,,
,,4,4,,3,3,3,4,4,,3,4,4,,4,4,4,4,4,,,,
4,,4,4,,4,3,3,4,4,4,3,4,4,,4,4,4,4,4,,,4,
4,,4,4,,4,3,3,4,4,4,3,4,4,,4,3,4,4,4,,,4,
4,,4,4,,4,3,3,4,4,4,3,4,4,,4,3,4,4,4,,,4,
4,,4,4,,4,3,3,4,4,4,3,4,4,,4,3,4,4,4,,,4,
4,,4,4,,4,3,3,4,4,4,3,4,4,,4,3,4,4,4,,,4,
4,,4,4,,4,3,3,4,4,4,3,4,4,,4,3,4,4,4,,,4,
4,,4,4,,4,3,3,4,4,4,3,4,4,,4,3,4,4,4,,,4,
4,,4,4,,4,3,3,4,4,4,3,4,4,,4,3,4,4,4,,,4,
,,4,4,,3,3,3,4,4,,3,4,4,,4,3,4,4,4,,,,
,,4,4,,3,3,3,4,4,,3,4,4,,4,3,4,4,4,,,,
4,,4,4,,4,3,3,4,4,4,3,4,4,,4,3,4,4,4,,,4,
4,,4,4,,4,3,3,4,4,4,3,3,4,,4,3,4,4,4,,,4,
4,,4,4,,4,3,3,4,4,4,3,3,4,,4,3,4,4,4,,,4,
,,4,4,,4,3,3,4,4,,3,4,4,,4,3,4,4,4,,,4,
4,,4,4,,4,3,3,4,4,4,3,4,4,,4,3,4,4,4,,,4,
4,,4,4,,4,3,3,4,4,4,3,4,4,,4,3,4,4,4,,,4,
4,,4,4,,4,3,3,4,4,4,,4,4,,4,3,4,4,4,,,4,
4,,4,4,,4,3,3,4,4,4,,4,4,,4,3,4,4,4,,,4,
4,,4,4,,4,3,3,4,4,4,,4,4,,4,3,4,4,4,,,4,
4,,4,4,,4,3,3,4,4,4,,4,4,,4,3,4,4,4,,,4,
4,,4,4,,4,3,3,4,4,4,,4,4,,4,3,4,4,4,,,4,
4,,4,4,,4,3,3,4,4,4,,4,4,,4,3,4,4,4,,,4,
,,4,4,,4,3,3,4,4,,,4,4,,4,3,4,4,4,,,4,
,,4,4,,4,3,3,4,4,,,4,4,,4,3,4,4,4,,,4,
,,4,4,,3,3,3,4,4,,,4,4,,,3,4,4,4,,,,
,,4,4,,3,3,3,4,4,,,4,4,,,3,4,4,4,,,,
,,4,4,,3,3,3,4,4,,,4,4,,,3,4,4,4,,,,
,,4,4,,,3,3,4,4,,,4,4,,,3,4,4,4,,,,
,,4,4,,,3,3,4,4,,,4,4,,,,4,4,4,,,,
,,4,4,,4,3,3,4,4,,,4,4,,4,,4,4,4,,,4,
,,4,4,,4,3,3,4,4,,,4,4,,4,,4,4,4,,,4,
,,4,4,,4,3,3,4,4,,,4,4,,4,,4,4,4,,,4,
4,,4,4,,4,3,3,4,4,4,,4,4,,4,,4,4,4,,,4,
4,,4,4,,4,3,3,4,4,4,,4,4,,4,,4,4,4,,,4,
4,,4,4,,4,3,3,4,4,4,,4,4,,4,,4,4,4,,,4,
4,,4,4,,4,3,3,4,4,4,,4,4,,4,,4,4,4,,,4,
4,,4,4,,4,3,3,4,4,4,,4,4,,4,,4,4,4,,,4,
4,,4,4,,4,3,3,4,4,4,,4,4,,4,,4,4,4,,,4,
4,,4,4,,4,3,3,4,4,4,,4,4,,4,,4,4,4,,,4,
4,,4,4,,4,3,3,4,4,4,,4,4,,4,,4,4,4,,,4,
4,,4,4,,4,3,3,4,4,4,,4,4,,4,,4,4,4,,,4,
4,,4,4,,4,3,3,4,4,4,,4,4,,4,,4,4,4,,,4,
4,,4,4,,4,3,3,4,4,4,,4,4,,4,,4,4,4,,,4,
4,,4,4,,4,3,3,4,4,4,,4,4,,4,,4,4,4,,,4,
4,,4,4,,4,3,3,4,4,4,,4,4,,4,,4,4,4,,,4,
4,,4,4,,4,3,3,4,4,4,,4,4,,4,,4,4,4,,,4,
4,,4,4,,4,3,3,4,4,4,,4,4,,4,,4,4,4,,,4,
4,,4,4,,4,3,3,4,4,4,,4,4,,4,,4,4,4,,,4,
4,,4,4,,4,3,3,4,4,4,,4,4,,4,,4,4,4,,,4,
4,,4,4,,,3,3,4,4,4,,4,4,,4,,4,4,4,,,,
4,,4,4,,,3,3,4,4,4,,4,4,,4,,4,4,4,,,,
4,,4,4,,,3,3,4,4,4,,4,4,,4,,4,4,4,,,,
,,4,4,,,3,3,4,4,,,4,4,,4,,4,4,4,,,,
,,4,4,,,3,3,4,4,,,4,4,,4,,4,4,4,,,,
4,,4,4,,,3,3,4,4,4,,4,4,,4,,4,4,4,,,,
4,,4,4,,,3,3,4,4,4,,4,4,,4,,4,4,4,,,,
4,,4,4,,,3,3,4,4,4,,4,4,,4,,4,4,4,,,,
4,,4,4,,,,,4,4,4,,4,4,,4,,4,4,4,,,,
4,,4,4,,,,,4,4,4,,4,4,,4,,4,4,4,,,,
4,,4,4,,,,,4,4,4,,4,4,,4,,4,4,4,,,,
4,,4,4,,,,,4,4,4,,4,4,,4,,4,4,4,,,,
4,,4,4,,4,,,4,4,4,,4,4,,4,,4,4,4,,,4,
4,,4,4,,4,,,4,4,4,,4,4,,4,,4,4,4,,,4,
4,,4,4,,4,,,4,4,4,,4,4,,4,,4,4,4,,,4,
4,,4,4,,4,,,4,4,4,,4,4,,4,,4,4,4,,,4,
4,,4,4,,4,,,4,4,4,,4,4,,4,,4,4,4,,,4,
4,,4,4,,4,,,4,4,4,,4,4,,4,,4,4,4,,,4,
4,,4,4,,4,,,4,4,4,,4,4,,4,,4,4,4,,,4,
4,,4,4,,4,,,4,4,4,,4,4,,4,,4,4,4,,,4,
4,,4,4,,4,,,4,4,4,,4,4,,4,,4,4,4,,,4,
4,,4,4,,4,,,4,4,4,,4,4,,4,,4,4,4,,,4,
4,,4,4,,4,,,4,4,4,,4,4,,4,,4,4,4,,,4,
4,,4,4,,4,,,4,4,4,,4,4,,4,,4,4,4,,,4,
4,,4,4,,4,,,4,4,4,,4,4,,4,,4,4,4,,,4,
4,,4,4,,4,,,4,4,4,,4,4,,4,,4,4,4,,,4,
4,,4,4,,4,,,4,4,4,,4,4,,4,,4,4,4,,,4,
4,,4,4,,4,,,4,4,4,,4,4,,4,,4,4,4,,,4,
4,,4,4,,4,,,4,4,4,,4,4,,4,,4,4,4,,,4,
4,,4,4,,4,,,4,4,4,,4,4,,4,,4,4,4,,,4,
4,,4,4,,4,,,4,4,4,,4,4,,4,,4,4,4,,,4,
4,,4,4,,4,,,4,4,4,,4,4,,4,,4,4,4,,,4,
4,,4,4,,4,,,4,4,4,,4,4,,4,,4,4,4,,,4,
4,,4,4,,4,,,4,4,4,,4,4,,4,,4,4,4,,,4,
4,,4,4,,4,,,4,4,4,,4,4,,4,,4,4,4,,,4,
4,,4,4,,4,,,4,4,4,,4,4,,4,,4,4,4,,,4,
4,,4,4,,4,,,4,4,4,,4,4,,4,,4,4,4,,,4,
4,,4,4,,4,,,4,4,4,,4,4,,4,,4,4,4,,,4,
4,,4,4,,4,,,4,4,4,,4,4,,4,,4,4,4,,,4,
4,,4,4,,4,,,4,4,4,,4,4,,4,,4,4,4,,,4,
4,,4,4,,4,,,4,4,4,,4,4,,4,,4,4,4,,,4,
4,,4,4,,4,,,4,4,4,,4,4,,4,,4,4,4,,,4,
4,,4,4,,4,,,4,4,4,,4,4,,4,,4,4,4,,,4,
4,,4,4,,4,,,4,4,4,,4,4,,4,,4,4,4,,,4,
4,,4,4,,4,,,4,4,4,,4,4,,4,,4,4,4,,,4,
4,,4,4,,4,,,4,4,4,,4,4,,4,,4,4,4,,,4,
4,,4,4,,4,,,4,4,4,,4,4,,4,,4,4,4,,,4,
4,,4,4,,4,,,4,4,4,,4,4,,4,,4,4,4,,,4,
4,,4,4,,4,,,4,4,4,,4,4,,4,,4,4,4,,,4,
4,,4,4,,4,,,4,4,4,,4,4,,4,,4,4,4,,,4,
4,,4,4,,4,,,4,4,4,,4,4,,4,,4,4,4,,,4,
4,,4,4,,4,,,4,4,4,,4,4,,4,,4,4,4,,,4,
4,,4,4,,4,,,4,4,4,,4,4,,4,,4,4,4,,,4,
4,,4,4,,4,,,4,4,4,,4,4,,4,,4,4,4,,,4,
4,,4,4,,4,,,4,4,4,,4,4,,4,,4,4,4,,,4,
4,,4,4,,4,,,4,4,4,,4,4,,4,,4,4,4,,,4,
4,,4,4,,4,,,4,4,4,,4,4,,4,,4,4,4,,,4,
4,,4,4,,4,,,4,4,4,,4,4,,4,,4,4,4,,,4,
4,,4,4,,4,,,4,4,4,,4,4,,4,,4,4,4,,,4,
4,,4,4,,4,,,4,4,4,,4,4,,4,,4,4,4,,,4,
4,,4,4,,4,,,4,4,4,,4,4,,4,,4,4,4,,,4,
4,,4,4,,4,,,4,4,4,,4,4,,4,,4,4,4,,,4,
4,,4,4,,4,,,4,4,4,,4,4,,4,,4,4,4,,,4,
4,,4,4,,4,,,4,4,4,,4,4,,4,,4,4,4,,,4,
4,,4,4,,4,,,4,4,4,,4,4,,4,,4,4,4,,,4,
4,,4,4,,4,,,4,4,4,,4,4,,4,,4,4,4,,,4,
4,,4,4,,4,,,4,4,4,,4,4,,4,,4,4,4,,,4,
4,,4,4,,4,,,4,4,4,,4,4,,4,,4,4,4,,,4,
4,,4,4,,4,,,4,4,4,,4,4,,4,,4,4,4,,,4,
4,,4,4,,4,,,4,4,4,,4,4,,4,,4,4,4,,,4,
4,,4,4,,4,,,4,4,4,,4,4,,4,,4,4,4,,,4,
4,,4,4,,4,,,4,4,4,,4,4,,4,,4,4,4,,,4,
4,,4,4,,4,,,4,4,4,,4,4,,4,,4,4,4,,,4,
4,,4,4,,4,,,4,4,4,,4,4,,4,,4,4,4,,,4,
4,,4,4,,4,,,4,4,4,,4,4,,4,,4,4,4,,,4,
4,,4,4,,4,,,4,4,4,,4,4,,4,,4,4,4,,,4,
4,,4,4,,4,,,4,4,4,,4,4,,4,,4,4,4,,,4,
4,,4,4,,4,,,4,4,4,,4,4,,4,,4,4,4,,,4,
4,,4,4,,4,,,4,4,4,,4,4,,4,,4,4,4,,,4,
4,,4,4,,4,,,4,4,4,,4,4,,4,,4,4,4,,,4,
4,,4,4,,4,,,4,4,4,,4,4,,4,,4,4,4,,,4,
4,,4,4,,4,,,4,4,4,,4,4,,4,,4,4,4,,,4,
4,,4,4,,4,,,4,4,4,,4,4,,4,,4,4,4,,,4,
4,,4,4,,4,,,4,4,4,,4,4,,4,,4,4,4,,,4,
4,,4,4,,4,,,4,4,4,,4,4,,4,,4,4,4,,,4,
4,,4,4,,4,,,4,4,4,,4,4,,4,,4,4,4,,,4,
4,,4,4,,4,,,4,4,4,,4,4,,4,,4,4,4,,,4,
4,,4,4,,4,,,4,4,4,,4,4,,4,,4,4,4,,,4,
4,,4,4,,4,,,4,4,4,,4,4,,4,,4,4,4,,,4,
4,,4,4,,4,,,4,4,4,,4,4,,4,,4,4,4,,,4,
4,,4,4,,4,,,4,4,4,,4,4,,4,,4,4,4,,,4,
4,,4,4,,4,,,4,4,4,,4,4,,4,,4,4,4,,,4,
4,,4,4,,4,,,4,4,4,,4,4,,4,,4,4,4,,,4,
4,,4,4,,4,,,4,4,4,,4,4,,4,,4,4,4,,,4,
4,,4,4,,4,,,4,4,4,,4,4,,4,,4,4,4,,,4,
4,,4,4,,4,,,4,4,4,,4,4,,4,,4,4,4,,,4,
4,,4,4,,4,,,4,4,4,,4,4,,4,,4,4,4,,,4,
4,,4,4,,4,,,4,4,4,,4,4,,4,,4,4,4,,,4,
4,,4,4,,4,,,4,4,4,,4,4,,4,,4,4,4,,,4,
4,,4,4,,4,,,4,4,4,,4,4,,4,,4,4,4,,,4,
4,,4,4,,4,,,4,4,4,,4,4,,4,,4,4,4,,,4,
4,,4,4,,4,,,4,4,4,,4,4,,4,,4,4,4,,,4,
4,,4,4,,4,,,4,4,4,,4,4,,4,,4,4,4,,,4,
4,,4,4,,4,,,4,4,4,,4,4,,4,,4,4,4,,,4,
4,,4,4,,4,,,4,4,4,,4,4,,4,,4,4,4,,,4,
4,,4,4,,4,,,4,4,4,,4,4,,4,,4,4,4,,,4,
4,,4,4,,4,,,4,4,4,,4,4,,4,,4,4,4,,,4,
4,,4,4,,4,,,4,4,4,,4,4,,4,,4,4,4,,,4,
4,,4,4,,4,,,4,4,4,,4,4,,4,,4,4,4,,,4,
4,,4,4,,4,,,4,4,4,,4,4,,4,,4,4,4,,,4,
4,,4,4,,4,,,4,4,4,,4,4,,4,,4,4,4,,,4,
4,,4,4,,4,,,4,4,4,,4,4,,4,,4,4,4,,,4,
4,,4,4,,4,,,4,4,4,,4,4,,4,,4,4,4,,,4,
4,,4,4,,4,,,4,4,4,,4,4,,4,,4,4,4,,,4,
4,,4,4,,4,,,4,4,4,,4,4,,4,,4,4,4,,,4,
4,,4,4,,4,,,4,4,4,,4,4,,4,,4,4,4,,,4,
4,,4,4,,4,,,4,4,4,,4,4,,4,,4,4,4,,,4,
4,,4,4,,4,,,4,4,4,,4,4,,4,,4,4,4,,,4,
4,,4,4,,4,,,4,4,4,,4,4,,4,,4,4,4,,,4,
4,,4,4,,4,,,4,4,4,,4,4,,4,,4,4,4,,,4,
4,,4,4,,4,,,4,4,4,,4,4,,4,,4,4,4,,,4,
4,,4,4,,4,,,4,4,4,,4,4,,4,,4,4,4,,,4,
4,,4,4,,4,,,4,4,4,,4,4,,4,,4,4,4,,,4,
4,,4,4,,4,,,4,4,4,,4,4,,4,,4,4,4,,,4,
4,,4,4,,4,,,4,4,4,,4,4,,4,,4,4,4,,,4,
4,,4,4,,4,,,4,4,4,,4,4,,4,,4,4,4,,,4,
4,,4,4,,4,,,4,4,4,,4,4,,4,,4,4,4,,,4,
4,,4,4,,4,,,4,4,4,,4,4,,4,,4,4,4,,,4,
4,,4,4,,4,,,4,4,4,,4,4,,4,,4,4,4,,,4,
4,,4,4,,4,,,4,4,4,,4,4,,4,,4,4,4,,,4,
4,,4,4,,4,,,4,4,4,,4,4,,4,,4,4,4,,,4,
4,,4,4,,4,,,4,4,4,,4,4,,4,,4,4,4,,,4,
4,,4,4,,,,,4,4,4,,4,4,,,,4,4,4,,,,
,,4,4,,4,,,4,4,,,4,4,,4,,4,4,4,,,4,
,,4,4,,4,,,4,4,,,4,4,,4,,4,4,4,,,4,
,,4,4,,4,,,4,4,,,4,4,,4,,4,4,4,,,4,
,,4,4,,4,,,4,4,,,4,4,,4,,4,4,4,,,4,
,,4,4,,4,,,4,4,,,4,4,,4,,4,4,4,,,4,
,,4,4,,4,,,4,4,,,4,4,,4,,4,4,4,,,4,
,,4,4,,4,,,4,4,,,4,4,,4,,4,4,4,,,4,
,,4,4,,4,,,4,4,,,4,4,,4,,4,4,4,,,4,
,,4,4,,4,,,4,4,,,4,4,,4,,4,4,4,,,4,
,,4,4,,4,,,4,4,,,4,4,,4,,4,4,4,,,4,
4,,4,4,,4,,,4,4,4,,4,4,,4,,4,4,4,,,4,
4,,4,4,,4,,,4,4,4,,4,4,,4,,4,4,4,,,4,
4,,4,4,,4,,,4,4,4,,4,4,,4,,4,4,4,,,4,
4,,4,4,,4,,,4,4,4,,4,4,,4,,4,4,4,,,4,
4,,4,4,,4,,,4,4,4,,4,4,,4,,4,4,4,,,4,
4,,4,4,,4,,,4,4,4,,4,4,,4,,4,4,4,,,4,
,,4,4,,4,,,4,4,,,4,4,,4,,4,4,4,,,4,
,,4,4,,4,,,4,4,,,4,4,,4,,4,4,4,,,4,
,,4,4,,4,,,4,4,,,4,4,,4,,4,4,4,,,4,
,,4,4,,4,,,4,4,,,4,4,,4,,4,4,4,,,4,
,,4,4,,4,,,4,4,,,4,4,,4,,4,4,4,,,4,
,,4,4,,4,,,4,4,,,4,4,,4,,4,4,4,,,4,
,,4,4,,4,,,4,4,,,4,4,,4,,4,4,4,,,4,
,,4,4,,4,,,4,4,,,4,4,,4,,4,4,4,,,4,
,,4,4,,4,,,4,4,,,4,4,,4,,4,4,4,,,4,
,,4,4,,4,,,4,4,,,4,4,,4,,4,4,4,,,4,
,,4,4,,4,,,4,4,,,4,4,,4,,4,4,4,,,4,
,,4,4,,4,,,4,4,,,4,4,,4,,4,4,4,,,4,
,,4,4,,4,,,4,4,,,4,4,,4,,4,4,4,,,4,
,,4,4,,4,,,4,4,,,4,4,,4,,4,4,4,,,4,
,,4,4,,4,,,4,4,,,4,4,,4,,4,4,4,,,4,
,,4,4,,4,,,4,4,,,4,4,,4,,4,4,4,,,4,
,,4,4,,4,,,4,4,,,4,4,,4,,4,4,4,,,4,
,,4,4,,4,,,4,4,,,4,4,,4,,4,4,4,,,4,
,,4,4,,4,,,4,4,,,4,4,,4,,4,4,4,,,4,
,,4,4,,4,,,4,4,,,4,4,,4,,4,4,4,,,4,
,,4,4,,4,,,4,4,,,4,4,,4,,4,4,4,,,4,
,,4,4,,4,,,4,4,,,4,4,,4,,4,4,4,,,4,
,,4,4,,4,,,4,4,,,4,4,,4,,4,4,4,,,4,
,,4,4,,4,,,4,4,,,4,4,,4,,4,4,4,,,4,
,,4,4,,4,,,4,4,,,4,4,,4,,4,4,4,,,4,
,,4,4,,4,,,4,4,,,4,4,,4,,4,4,4,,,4,
,,4,4,,4,,,4,4,,,4,4,,4,,4,4,4,,,4,
,,4,4,,4,,,4,4,,,4,4,,4,,4,4,4,,,4,
,,4,4,,4,,,4,4,,,4,4,,4,,4,4,4,,,4,
,,4,4,,4,,,4,4,,,4,4,,4,,4,4,4,,,4,
,,4,4,,4,,,4,4,,,4,4,,4,,4,4,4,,,4,
,,4,4,,4,,,4,4,,,4,4,,4,,4,4,4,,,4,
,,4,4,,4,,,4,4,,,4,4,,4,,4,4,4,,,4,
,,4,4,,4,,,4,4,,,4,4,,4,,4,4,4,,,4,
,,4,4,,4,,,4,4,,,4,4,,4,,4,4,4,,,4,
,,4,4,,4,,,4,4,,,4,4,,4,,4,4,4,,,4,
,,4,4,,4,,,4,4,,,4,4,,4,,4,4,4,,,4,
,,4,4,,4,,,4,4,,,4,4,,4,,4,4,4,,,4,
4,,4,4,,4,,,4,4,4,,4,4,,4,,4,4,4,,,4,
4,,4,4,,4,,,4,4,4,,4,4,,4,,4,4,4,,,4,
4,,4,4,,4,,,4,4,4,,4,4,,4,,4,4,4,,,4,
4,,4,4,,4,,,4,4,4,,4,4,,4,,4,4,4,,,4,
4,,4,4,,4,,,4,4,4,,4,4,,4,,4,4,4,,,4,
4,,4,4,,4,,,4,4,4,,4,4,,4,,4,4,4,,,4,
4,,4,4,,4,,,4,4,4,,4,4,,4,,4,4,4,,,4,
4,,4,4,,4,,,4,4,4,,4,4,,4,,4,4,4,,,4,
4,,4,4,,4,,,4,4,4,,4,4,,4,,4,4,4,,,4,
4,,4,4,,4,,,4,4,4,,4,4,,4,,4,4,4,,,4,
4,,4,4,,4,,,4,4,4,,4,4,,4,,4,4,4,,,4,
4,,4,4,,4,,,4,4,4,,4,4,,4,,4,4,4,,,4,
4,,4,4,,4,,,4,4,4,,4,4,,4,,4,4,4,,,4,
4,,4,4,,4,,,4,4,4,,4,4,,4,,4,4,4,,,4,
4,,4,4,,4,,,4,4,4,,4,4,,4,,4,4,4,,,4,
4,,4,4,,4,,,4,4,4,,4,4,,4,,4,4,4,,,4,
4,,4,4,,4,,,4,4,4,,4,4,,4,,4,4,4,,,4,
4,,4,4,,4,,,4,4,4,,4,4,,4,,4,4,4,,,4,
4,,4,4,,4,,,4,4,4,,4,4,,4,,4,4,4,,,4,
4,,4,4,,4,,,4,4,4,,4,4,,4,,4,4,4,,,4,
4,,4,4,,4,,,4,4,4,,4,4,,4,,4,4,4,,,4,
4,,4,4,,4,,,4,4,4,,4,4,,4,,4,4,4,,,4,
4,,4,4,,4,,,4,4,4,,4,4,,4,,4,4,4,,,4,
4,,4,4,,4,,,4,4,4,,4,4,,4,,4,4,4,,,4,
4,,4,4,,4,,,4,4,4,,4,4,,4,,4,4,4,,,4,
,,4,4,,4,,,4,4,,,4,4,,4,,4,4,4,,,4,
,,4,4,,4,,,4,4,,,4,4,,4,,4,4,4,,,4,
,,4,4,,4,,,4,4,,,4,4,,4,,4,4,4,,,4,
,,4,4,,4,,,4,4,,,4,4,,4,,4,4,4,,,4,
,,4,4,,4,,,4,4,,,4,4,,4,,4,4,4,,,4,
,,4,4,,4,,,4,4,,,4,4,,4,,4,4,4,,,4,
4,,4,4,,4,,,4,4,4,,4,4,,4,,4,4,4,,,4,
4,,4,4,,4,,,4,4,4,,4,4,,4,,4,4,4,,,4,
4,,4,4,,4,,,4,4,4,,4,4,,4,,4,4,4,,,4,
4,,4,4,,4,,,4,4,4,,4,4,,4,,4,4,4,,,4,
4,,4,4,,4,,,4,4,4,,4,4,,4,,4,4,4,,,4,
4,,4,4,,4,,,4,4,4,,4,4,,4,,4,4,4,,,4,
4,,4,4,,4,,,4,4,4,,4,4,,4,,4,4,4,,,4,
4,,4,4,,4,,,4,4,4,,4,4,,4,,4,4,4,,,4,
,,4,4,,4,,,4,4,,,4,4,,4,,4,4,4,,,4,
,,4,4,,4,,,4,4,,,4,4,,4,,4,4,4,,,4,